submission_number,decision_date,band,url_tried,http_status,pages,chars_total,chars_per_page,classification,predicate_sentence_found,predicate_knumbers,cybersecurity_heading,pccp_heading,notes
K141922,2015-02-27,2015-2018,https://www.accessdata.fda.gov/cdrh_docs/pdf14/K141922.pdf,200,7,11603,"[2040,1395,1504,801,2273,2418,1172]",text,yes,K113696;K122938,no,no,
K160338,2016-08-05,2015-2018,https://www.accessdata.fda.gov/cdrh_docs/pdf16/K160338.pdf,200,8,11751,"[2165,1211,2128,843,1352,956,2177,919]",text,yes,K130190;K142801,no,no,
K162855,2017-02-23,2015-2018,https://www.accessdata.fda.gov/cdrh_docs/pdf16/K162855.pdf,200,7,11899,"[2237,1174,1769,939,2448,2047,1285]",text,yes,K160809,no,no,
K171122,2018-01-11,2015-2018,https://www.accessdata.fda.gov/cdrh_docs/pdf17/K171122.pdf,200,8,13376,"[1633,1738,1520,1319,2422,1352,1631,1761]",text,yes,K152086,no,no,
K172356,2017-09-15,2015-2018,https://www.accessdata.fda.gov/cdrh_docs/pdf17/K172356.pdf,200,11,15666,"[2114,1287,1252,1059,1071,842,1216,1437,1458,2047,1883]",text,yes,K153101,no,no,
K172385,2017-09-14,2015-2018,https://www.accessdata.fda.gov/cdrh_docs/pdf17/K172385.pdf,200,15,22586,"[2029,1358,2014,1049,265,1064,1070,1061,914,1438,973,2702,1983,1918,2748]",text,yes,K133454;K163138,no,no,
K173588,2018-01-12,2015-2018,https://www.accessdata.fda.gov/cdrh_docs/pdf17/K173588.pdf,200,13,19813,"[2154,1150,1626,917,1126,2029,2067,2222,1037,893,604,1899,2089]",text,yes,K160315;K162025;K162955,no,no,
K180161,2018-04-20,2015-2018,https://www.accessdata.fda.gov/cdrh_docs/pdf18/K180161.pdf,200,8,13486,"[2233,1051,1961,1312,2211,2044,1548,1126]",text,yes,K121447,no,no,
K180163,2018-05-25,2015-2018,https://www.accessdata.fda.gov/cdrh_docs/pdf18/K180163.pdf,200,12,21459,"[2204,1166,1736,1588,431,1737,2431,2763,2095,2337,2742,229]",text,yes,K171120;K170713;K172643;K172543,no,no,
K181892,2018-10-09,2015-2018,https://www.accessdata.fda.gov/cdrh_docs/pdf18/K181892.pdf,200,6,10940,"[2144,1596,2125,1479,1687,1909]",text,yes,K151212;K130552;K130542;K112051;K141745;K082427;K140587;K063559,no,no,
K182875,2019-07-10,2019-2021,https://www.accessdata.fda.gov/cdrh_docs/pdf18/K182875.pdf,200,10,15787,"[2344,1724,2208,93,1168,1999,2282,1455,1718,796]",mixed,yes,K180647,no,no,cover letter/IFU text + some scanned pages
K183322,2019-07-10,2019-2021,https://www.accessdata.fda.gov/cdrh_docs/pdf18/K183322.pdf,200,8,16500,"[2150,1936,2029,1089,3659,2572,1447,1618]",text,yes,K180234;K152139,no,no,
K190013,2019-11-04,2019-2021,https://www.accessdata.fda.gov/cdrh_docs/pdf19/K190013.pdf,200,12,23529,"[2127,1860,2041,2216,1804,2655,2266,2856,1911,1869,1576,348]",text,yes,K162532;K150910;K141273;K162225;K150214;K162352,yes,no,
K191278,2019-11-19,2019-2021,https://www.accessdata.fda.gov/cdrh_docs/pdf19/K191278.pdf,200,8,12145,"[2456,1660,602,1044,1680,1330,1487,1886]",text,yes,K173744,no,no,
K193631,2020-10-09,2019-2021,https://www.accessdata.fda.gov/cdrh_docs/pdf19/K193631.pdf,200,14,23383,"[2147,1923,1679,1177,1811,1006,2169,1880,1852,2707,1549,1027,1733,723]",text,yes,K172296;K083903;K150272,no,no,
K202927,2021-10-02,2019-2021,https://www.accessdata.fda.gov/cdrh_docs/pdf20/K202927.pdf,200,11,15918,"[2150,1944,0,946,1958,1725,1004,1373,1326,1775,1717]",mixed,yes,K152915;K151504,yes,no,cover letter/IFU text + some scanned pages
K203469,2021-04-19,2019-2021,https://www.accessdata.fda.gov/cdrh_docs/pdf20/K203469.pdf,200,6,9365,"[2257,1814,0,1674,2254,1366]",mixed,yes,K141248,no,no,cover letter/IFU text + some scanned pages
K203508,2020-12-29,2019-2021,https://www.accessdata.fda.gov/cdrh_docs/pdf20/K203508.pdf,200,33,67042,"[2343,1740,2235,2222,2309,2200,2371,2193,2050,2819,2184,414,1999,2590,2288,640,2049,2821,2376,552,2352,2745,2307,523,2406,2738,2211,2013,245,2359,2685,2056,2007]",text,yes,K190896;K180647;K200921;K190072;K193298;K201020;K192383,no,no,
K210209,2021-03-23,2019-2021,https://www.accessdata.fda.gov/cdrh_docs/pdf21/K210209.pdf,200,9,16059,"[2416,1647,2416,1099,2546,2020,1052,1185,1678]",text,yes,K193658,no,no,
K210719,2021-07-20,2019-2021,https://www.accessdata.fda.gov/cdrh_docs/pdf21/K210719.pdf,200,10,14800,"[2345,1723,1687,190,1393,1875,1300,1674,1820,793]",text,yes,K061214,yes,no,
K213779,2022-03-16,2022-2023,https://www.accessdata.fda.gov/cdrh_docs/pdf21/K213779.pdf,200,6,9690,"[2152,1902,1665,1469,1683,819]",text,yes,K210556,no,no,
K220192,2022-04-08,2022-2023,https://www.accessdata.fda.gov/cdrh_docs/pdf22/K220192.pdf,200,10,16607,"[2318,1809,9,1069,1387,2620,2411,2035,2467,482]",mixed,yes,K212056;K213305;K193140;K203553,no,no,cover letter/IFU text + some scanned pages
K220499,2022-05-17,2022-2023,https://www.accessdata.fda.gov/cdrh_docs/pdf22/K220499.pdf,200,11,18737,"[2421,1680,2346,1389,2847,2301,1570,2023,1108,828,224]",text,yes,K190072,no,no,
K221680,2023-03-01,2022-2023,https://www.accessdata.fda.gov/cdrh_docs/pdf22/K221680.pdf,200,11,21425,"[2072,2049,305,3553,955,1060,2614,2474,2516,1743,2084]",text,yes,K201103;K163687;K153355;K210173,no,no,
K221727,2022-07-13,2022-2023,https://www.accessdata.fda.gov/cdrh_docs/pdf22/K221727.pdf,200,8,13917,"[2244,1813,1838,979,1932,2209,2340,562]",text,yes,K214019,no,no,
K230112,2023-06-13,2022-2023,https://www.accessdata.fda.gov/cdrh_docs/pdf23/K230112.pdf,200,9,13214,"[2289,1757,908,708,2670,1266,185,2909,522]",text,yes,K210085,no,no,
K230197,2023-02-22,2022-2023,https://www.accessdata.fda.gov/cdrh_docs/pdf23/K230197.pdf,200,10,14144,"[1899,2220,11,766,1769,1775,1764,1368,1869,703]",mixed,yes,K221762,no,no,cover letter/IFU text + some scanned pages
K230812,2023-08-23,2022-2023,https://www.accessdata.fda.gov/cdrh_docs/pdf23/K230812.pdf,200,13,25493,"[2150,1944,1595,1326,1825,2496,2373,1876,2562,2644,813,2463,1426]",text,yes,K201456,no,no,
K232045,2023-10-27,2022-2023,https://www.accessdata.fda.gov/cdrh_docs/pdf23/K232045.pdf,200,17,38260,"[2230,2699,2876,2600,559,1496,2494,2241,2532,2507,3062,3035,1986,2330,2204,2488,921]",text,yes,K133643;K173420;K193562,no,no,
K232712,2023-10-03,2022-2023,https://www.accessdata.fda.gov/cdrh_docs/pdf23/K232712.pdf,200,9,16705,"[2219,2675,2411,1020,2176,1583,2112,1783,726]",text,yes,K223325;K173578;K223028,yes,no,
K231855,2024-02-13,2024,https://www.accessdata.fda.gov/cdrh_docs/pdf23/K231855.pdf,200,14,19937,"[2316,2514,2142,735,1966,1426,685,805,810,935,1875,1421,1027,1280]",text,yes,K191928,yes,no,
K233728,2024-01-19,2024,https://www.accessdata.fda.gov/cdrh_docs/pdf23/K233728.pdf,200,10,14632,"[2265,2676,1187,810,891,1740,1248,1413,1527,875]",text,yes,K192426;K223439;K213668,no,no,
K233998,2024-09-05,2024,https://www.accessdata.fda.gov/cdrh_docs/pdf23/K233998.pdf,200,17,29756,"[1058,1808,3323,499,3185,922,762,2079,2487,2228,1542,2417,2008,1397,1341,1551,1149]",text,yes,K173444;K071964,no,no,
K240294,2024-05-23,2024,https://www.accessdata.fda.gov/cdrh_docs/pdf24/K240294.pdf,200,23,25391,"[2236,2669,1254,973,746,569,852,1341,522,937,825,209,1028,1151,1170,1096,989,1193,958,867,773,2401,632]",text,yes,K230561,yes,no,
K240516,2024-06-12,2024,https://www.accessdata.fda.gov/cdrh_docs/pdf24/K240516.pdf,200,10,20195,"[2266,2713,2038,1851,2449,2288,2243,1986,2164,197]",text,yes,K221117;K231772;K212777,no,no,
K240582,2024-06-25,2024,https://www.accessdata.fda.gov/cdrh_docs/pdf24/K240582.pdf,200,21,32626,"[2218,2700,2175,92,924,1855,1015,2323,1057,1255,810,2106,2109,941,1717,2187,1947,1063,1843,1415,874]",mixed,yes,K231917;K172346;K232086;K152788;K202394,no,no,cover letter/IFU text + some scanned pages
K240993,2024-09-27,2024,https://www.accessdata.fda.gov/cdrh_docs/pdf24/K240993.pdf,200,42,102308,"[1964,3401,288,2779,2489,2947,1887,2165,2946,3771,2328,3128,2965,2911,2990,1766,2627,1032,2234,2037,2197,2642,2632,3377,2243,3625,3440,2724,1046,1617,4132,3544,3303,1360,523,419,3077,1892,2553,3357,3060,890]",text,yes,K211452;K132306;K223504;K191301,no,no,
K241665,2024-08-08,2024,https://www.accessdata.fda.gov/cdrh_docs/pdf24/K241665.pdf,200,10,16755,"[2262,2696,1965,940,939,1509,1895,1408,1887,1254]",text,yes,K221932;K223212;K161574;K192686;K180318,no,no,
K241847,2024-08-30,2024,https://www.accessdata.fda.gov/cdrh_docs/pdf24/K241847.pdf,200,7,4903,"[2208,2695,0,0,0,0,0]",mixed,yes,,no,no,cover letter/IFU text + some scanned pages; predicate named without a parsable K-number
K243548,2024-12-11,2024,https://www.accessdata.fda.gov/cdrh_docs/pdf24/K243548.pdf,200,13,20834,"[2178,1913,2217,1477,2696,2285,577,1487,2421,887,460,1652,584]",text,yes,K230020;K242837,no,no,
K243158,2025-01-23,2025-2026,https://www.accessdata.fda.gov/cdrh_docs/pdf24/K243158.pdf,200,9,20918,"[1939,3324,520,2008,1394,3108,3047,2527,3051]",text,yes,K220039,no,no,
K243239,2025-04-24,2025-2026,https://www.accessdata.fda.gov/cdrh_docs/pdf24/K243239.pdf,200,11,19208,"[2048,3243,429,2231,979,2579,1217,2001,1603,2381,497]",text,yes,K230085,yes,no,
K243657,2025-01-24,2025-2026,https://www.accessdata.fda.gov/cdrh_docs/pdf24/K243657.pdf,200,14,25691,"[1916,3415,517,1964,1624,1375,2221,2075,146,2842,1849,2050,1903,1794]",text,yes,K233243;K222519;K231976,no,no,
K243831,2025-03-26,2025-2026,https://www.accessdata.fda.gov/cdrh_docs/pdf24/K243831.pdf,200,13,18817,"[1838,3416,439,1616,35,257,1056,1621,1430,1950,2258,2084,817]",mixed,yes,K201560,no,no,cover letter/IFU text + some scanned pages
K250177,2025-04-10,2025-2026,https://www.accessdata.fda.gov/cdrh_docs/pdf25/K250177.pdf,200,10,19695,"[1989,3414,445,2322,1455,1543,2438,2480,2306,1303]",text,yes,K242020,no,no,
K252838,2025-12-19,2025-2026,https://www.accessdata.fda.gov/cdrh_docs/pdf25/K252838.pdf,200,26,42072,"[1960,3357,587,2986,1053,1313,1158,1224,2050,1170,1202,1214,1287,1239,1257,1223,1189,1404,1601,2042,2016,2145,2168,2503,1541,1183]",text,yes,K231560;K232535;K250443;K220939;K250436;K231617;K191040;K213693,no,no,
K252984,2026-01-22,2025-2026,https://www.accessdata.fda.gov/cdrh_docs/pdf25/K252984.pdf,200,26,44889,"[1986,3414,422,2314,1034,942,1090,2076,1777,2392,2440,2181,2697,1537,1556,1274,1088,1487,1505,642,1628,1366,2133,2169,2181,1558]",text,yes,K242018;K211365;K230111;K222010,yes,no,
K253023,2026-01-15,2025-2026,https://www.accessdata.fda.gov/cdrh_docs/pdf25/K253023.pdf,200,18,29560,"[1942,3412,406,2085,1140,1288,1256,1777,1160,1462,1445,2036,2027,1949,2188,1725,1583,679]",text,yes,K200213;K231560;K231587;K232535;K251671;K251561;K231617;K250436,no,no,
K253310,2025-11-25,2025-2026,https://www.accessdata.fda.gov/cdrh_docs/pdf25/K253310.pdf,200,7,14829,"[1941,3325,501,1350,2554,3618,1540]",text,yes,K243253;K241671,no,no,
K254120,2026-05-15,2025-2026,https://www.accessdata.fda.gov/cdrh_docs/pdf25/K254120.pdf,200,14,22016,"[1787,3311,604,499,893,2157,1716,1246,1854,2165,1543,908,1875,1458]",text,yes,K212074,no,no,
K003301,2001-03-15,pre-2015,https://www.accessdata.fda.gov/cdrh_docs/pdf/K003301.pdf,200,7,0,"[0,0,0,0,0,0,0]",image,no,,no,no,"scanned image, no text layer; predicate not extractable"
K033840,2004-02-10,pre-2015,https://www.accessdata.fda.gov/cdrh_docs/pdf3/K033840.pdf,200,7,9809,"[1459,2428,1617,770,1939,986,610]",text,yes,K003301,no,no,
K080896,2008-07-30,pre-2015,https://www.accessdata.fda.gov/cdrh_docs/pdf8/K080896.pdf,200,8,16656,"[1107,2713,2537,2596,1661,2007,2303,1732]",text,yes,K043341,no,no,
K092116,2010-05-12,pre-2015,https://www.accessdata.fda.gov/cdrh_docs/pdf9/K092116.pdf,200,7,9793,"[1253,1892,1591,1004,2115,1149,789]",text,yes,K033840,no,no,
K092967,2010-06-08,pre-2015,https://www.accessdata.fda.gov/cdrh_docs/pdf9/K092967.pdf,200,17,31486,"[1510,2720,2792,1684,1831,2189,1416,1839,2331,1829,1922,1577,1447,1671,1920,1309,1499]",text,yes,K080896,no,no,
K111776,2011-12-28,pre-2015,https://www.accessdata.fda.gov/cdrh_docs/pdf11/K111776.pdf,200,6,8685,"[1215,1965,1386,1941,1349,829]",text,yes,K092363,no,no,
K120489,2012-05-17,pre-2015,https://www.accessdata.fda.gov/cdrh_docs/pdf12/K120489.pdf,200,11,16352,"[1030,2401,2139,1432,1762,2113,346,348,2101,1190,1490]",text,yes,K092967;K092976,no,no,
K123526,2012-12-27,pre-2015,https://www.accessdata.fda.gov/cdrh_docs/pdf12/K123526.pdf,200,6,7703,"[1022,1951,795,1950,1148,837]",text,yes,K092363;K129062,no,no,
K141480,2014-08-22,pre-2015,https://www.accessdata.fda.gov/cdrh_docs/pdf14/K141480.pdf,200,8,12098,"[2459,1047,2372,1623,1478,1985,898,236]",text,yes,,no,no,predicate named without a parsable K-number
K142037,2014-10-10,pre-2015,https://www.accessdata.fda.gov/cdrh_docs/pdf14/K142037.pdf,200,5,9313,"[2413,1044,1825,1689,2342]",text,yes,K120472,no,no,
